Portal,Produto,Módulo,Título,URL
ERP Gestão Empresarial,Agronegócio,Integracao Gatec,Cadastros iniciais,https://documentacao.senior.com.br/gestaoempresarialerp/5.10.4/manuais_processos/agronegocio/integracao-gatec/cadastros-iniciais-gatec.htm
ERP Gestão Empresarial,Agronegócio,Integracao Gatec,Pré-requisitos,https://documentacao.senior.com.br/gestaoempresarialerp/5.10.4/manuais_processos/agronegocio/integracao-gatec/configurar-integracao.htm
ERP Gestão Empresarial,Agronegócio,Integracao Gatec,Gestão de Compra e Venda de Commodities Agrícolas,https://documentacao.senior.com.br/gestaoempresarialerp/5.10.4/manuais_processos/agronegocio/integracao-gatec/gatec-modulo-commerce.htm
ERP Gestão Empresarial,Agronegócio,Integracao Gatec,Gestão de Custos Gerenciais,https://documentacao.senior.com.br/gestaoempresarialerp/5.10.4/manuais_processos/agronegocio/integracao-gatec/gatec-modulo-fercus.htm
ERP Gestão Empresarial,Agronegócio,Integracao Gatec,Gestão de Insumos e Beneficiamento,https://documentacao.senior.com.br/gestaoempresarialerp/5.10.4/manuais_processos/agronegocio/integracao-gatec/gatec-modulo-gin.htm
ERP Gestão Empresarial,Agronegócio,Integracao Gatec,Gestão da Pecuária,https://documentacao.senior.com.br/gestaoempresarialerp/5.10.4/manuais_processos/agronegocio/integracao-gatec/gatec-modulo-pecuaria.htm
ERP Gestão Empresarial,Agronegócio,Integracao Gatec,Gestão de Faturamento para Setor Sulcroalcooleiro,https://documentacao.senior.com.br/gestaoempresarialerp/5.10.4/manuais_processos/agronegocio/integracao-gatec/gatec-modulo-pop-gpi-ecq.htm
ERP Gestão Empresarial,Agronegócio,Integracao Gatec,Integrar ao Gestão de Pessoas | HCM,https://documentacao.senior.com.br/gestaoempresarialerp/5.10.4/manuais_processos/agronegocio/integracao-gatec/hcm-integracao-gatec.htm
ERP Gestão Empresarial,Agronegócio,Integracao Gatec,Integração com GAtec,https://documentacao.senior.com.br/gestaoempresarialerp/5.10.4/manuais_processos/agronegocio/integracao-gatec/inicio-integracao-gatec.htm
ERP Gestão Empresarial,Agronegócio,Integracao Gatec,Processos,https://documentacao.senior.com.br/gestaoempresarialerp/5.10.4/manuais_processos/agronegocio/integracao-gatec/processos-integracao-gatec.htm
ERP Gestão Empresarial,Agronegócio,Integracao Gatec,Web services,https://documentacao.senior.com.br/gestaoempresarialerp/5.10.4/manuais_processos/agronegocio/integracao-gatec/ws-integracao-gatec.htm
ERP Gestão Empresarial,Agronegócio,Integracao Maxxsoft,Integração com Maxxsoft - MaxxSFA+,https://documentacao.senior.com.br/gestaoempresarialerp/5.10.4/manuais_processos/agronegocio/integracao-maxxsoft/inicio-integracao-maxxsoft.htm
ERP Gestão Empresarial,Agronegócio,Agronegocio,Agronegócio,https://documentacao.senior.com.br/gestaoempresarialerp/5.10.4/manuais_processos/agronegocio/introducao.htm
ERP Gestão Empresarial,Agronegócio,Processos,Acréscimo Financeiro,https://documentacao.senior.com.br/gestaoempresarialerp/5.10.4/manuais_processos/agronegocio/processos/acrescimo_fin.htm
ERP Gestão Empresarial,Agronegócio,Ato Cooperado,Ajuste Contábil,https://documentacao.senior.com.br/gestaoempresarialerp/5.10.4/manuais_processos/agronegocio/processos/ato-cooperado/ajuste-contabil.htm
ERP Gestão Empresarial,Agronegócio,Ato Cooperado,Proporcionalidade de movimentos cooperativos,https://documentacao.senior.com.br/gestaoempresarialerp/5.10.4/manuais_processos/agronegocio/processos/ato-cooperado/calculo.htm
ERP Gestão Empresarial,Agronegócio,Ato Cooperado,Ato Cooperado,https://documentacao.senior.com.br/gestaoempresarialerp/5.10.4/manuais_processos/agronegocio/processos/ato-cooperado/inicio.htm
ERP Gestão Empresarial,Agronegócio,Ato Cooperado,Pré-requisito,https://documentacao.senior.com.br/gestaoempresarialerp/5.10.4/manuais_processos/agronegocio/processos/ato-cooperado/pre-requisito.htm
ERP Gestão Empresarial,Agronegócio,Processos,Bloqueio de produtos,https://documentacao.senior.com.br/gestaoempresarialerp/5.10.4/manuais_processos/agronegocio/processos/bloqueio_produto.htm
ERP Gestão Empresarial,Agronegócio,Classificacao,Alterar resultado da classificação,https://documentacao.senior.com.br/gestaoempresarialerp/5.10.4/manuais_processos/agronegocio/processos/classificacao/alterar-classificacao.htm
ERP Gestão Empresarial,Agronegócio,Processos,Extrato do Produtor,https://documentacao.senior.com.br/gestaoempresarialerp/5.10.4/manuais_processos/agronegocio/processos/consulta_extrato.htm
ERP Gestão Empresarial,Agronegócio,Contrato,Consistencias em Contratos,https://documentacao.senior.com.br/gestaoempresarialerp/5.10.4/manuais_processos/agronegocio/processos/contrato/contrato-consistencias.htm
ERP Gestão Empresarial,Agronegócio,Contrato,Contrato financeiro de compra imediata,https://documentacao.senior.com.br/gestaoempresarialerp/5.10.4/manuais_processos/agronegocio/processos/contrato/contrato-financeiro.htm
ERP Gestão Empresarial,Agronegócio,Contrato,Contrato com produtores,https://documentacao.senior.com.br/gestaoempresarialerp/5.10.4/manuais_processos/agronegocio/processos/contrato/contratos.htm
ERP Gestão Empresarial,Agronegócio,Contrato,Ligação de Contrato à Ordem de Compra,https://documentacao.senior.com.br/gestaoempresarialerp/5.10.4/manuais_processos/agronegocio/processos/contrato/ligacao-contrato.htm
ERP Gestão Empresarial,Agronegócio,Contrato,Cadastro de contratos,https://documentacao.senior.com.br/gestaoempresarialerp/5.10.4/manuais_processos/agronegocio/processos/contrato/passo-a-passo.htm
ERP Gestão Empresarial,Agronegócio,Cota Capital,Cadastro do Cooperado,https://documentacao.senior.com.br/gestaoempresarialerp/5.10.4/manuais_processos/agronegocio/processos/cota-capital/cadastro-cooperado.htm
ERP Gestão Empresarial,Agronegócio,Cota Capital,Cadastros Gerais,https://documentacao.senior.com.br/gestaoempresarialerp/5.10.4/manuais_processos/agronegocio/processos/cota-capital/cadastros-cota.htm
ERP Gestão Empresarial,Agronegócio,Cota Capital,Contabilização,https://documentacao.senior.com.br/gestaoempresarialerp/5.10.4/manuais_processos/agronegocio/processos/cota-capital/contabilizar.htm
ERP Gestão Empresarial,Agronegócio,Cota Capital,Distribuição de perdas e sobras,https://documentacao.senior.com.br/gestaoempresarialerp/5.10.4/manuais_processos/agronegocio/processos/cota-capital/distribuicao.htm
ERP Gestão Empresarial,Agronegócio,Cota Capital,Gerenciamento de Cota Capital,https://documentacao.senior.com.br/gestaoempresarialerp/5.10.4/manuais_processos/agronegocio/processos/cota-capital/gerenciamento-cota.htm
ERP Gestão Empresarial,Agronegócio,Cota Capital,Integralização,https://documentacao.senior.com.br/gestaoempresarialerp/5.10.4/manuais_processos/agronegocio/processos/cota-capital/integralizacao.htm
ERP Gestão Empresarial,Agronegócio,Cota Capital,Resgate,https://documentacao.senior.com.br/gestaoempresarialerp/5.10.4/manuais_processos/agronegocio/processos/cota-capital/resgate.htm
ERP Gestão Empresarial,Agronegócio,Cota Capital,Subscrição,https://documentacao.senior.com.br/gestaoempresarialerp/5.10.4/manuais_processos/agronegocio/processos/cota-capital/subscricao.htm
ERP Gestão Empresarial,Agronegócio,Cota Capital,Transferência,https://documentacao.senior.com.br/gestaoempresarialerp/5.10.4/manuais_processos/agronegocio/processos/cota-capital/transferencia.htm
ERP Gestão Empresarial,Agronegócio,Credito_Icms,Crédito de ICMS produtor rural,https://documentacao.senior.com.br/gestaoempresarialerp/5.10.4/manuais_processos/agronegocio/processos/credito_icms/icms_produtor.htm
ERP Gestão Empresarial,Agronegócio,Credito_Icms,Passo a passo,https://documentacao.senior.com.br/gestaoempresarialerp/5.10.4/manuais_processos/agronegocio/processos/credito_icms/passos.htm
ERP Gestão Empresarial,Agronegócio,Credito_Icms,Pré-requisitos,https://documentacao.senior.com.br/gestaoempresarialerp/5.10.4/manuais_processos/agronegocio/processos/credito_icms/pre-requisitos.htm
ERP Gestão Empresarial,Agronegócio,Processos,DAP,https://documentacao.senior.com.br/gestaoempresarialerp/5.10.4/manuais_processos/agronegocio/processos/dap.htm
ERP Gestão Empresarial,Agronegócio,Devolucao,Devolução de produtos,https://documentacao.senior.com.br/gestaoempresarialerp/5.10.4/manuais_processos/agronegocio/processos/devolucao/devolucao.htm
ERP Gestão Empresarial,Agronegócio,Devolucao,Documentos fiscais,https://documentacao.senior.com.br/gestaoempresarialerp/5.10.4/manuais_processos/agronegocio/processos/devolucao/notas_fiscais.htm
ERP Gestão Empresarial,Agronegócio,Devolucao,Passo a passo,https://documentacao.senior.com.br/gestaoempresarialerp/5.10.4/manuais_processos/agronegocio/processos/devolucao/passos_dev.htm
ERP Gestão Empresarial,Agronegócio,Devolucao,Pré-requisitos,https://documentacao.senior.com.br/gestaoempresarialerp/5.10.4/manuais_processos/agronegocio/processos/devolucao/pre-requisitos.htm
ERP Gestão Empresarial,Agronegócio,Processos,Distribuição de sobras,https://documentacao.senior.com.br/gestaoempresarialerp/5.10.4/manuais_processos/agronegocio/processos/distribuicao_sobras.htm
ERP Gestão Empresarial,Agronegócio,Processos,Encontro de Contas,https://documentacao.senior.com.br/gestaoempresarialerp/5.10.4/manuais_processos/agronegocio/processos/encontro-contas.htm
ERP Gestão Empresarial,Agronegócio,Fixacao,Exclusão da Fixação,https://documentacao.senior.com.br/gestaoempresarialerp/5.10.4/manuais_processos/agronegocio/processos/fixacao/fixacao_exclusao.htm
ERP Gestão Empresarial,Agronegócio,Fixacao,Fixação de preços,https://documentacao.senior.com.br/gestaoempresarialerp/5.10.4/manuais_processos/agronegocio/processos/fixacao/fixacao_inicio.htm
ERP Gestão Empresarial,Agronegócio,Fixacao,Notas Fiscais,https://documentacao.senior.com.br/gestaoempresarialerp/5.10.4/manuais_processos/agronegocio/processos/fixacao/fixacao_notas.htm
ERP Gestão Empresarial,Agronegócio,Fixacao,Passo a Passo,https://documentacao.senior.com.br/gestaoempresarialerp/5.10.4/manuais_processos/agronegocio/processos/fixacao/fixacao_passos.htm
ERP Gestão Empresarial,Agronegócio,Fixacao,Pré-requisitos,https://documentacao.senior.com.br/gestaoempresarialerp/5.10.4/manuais_processos/agronegocio/processos/fixacao/pre-requisito.htm
ERP Gestão Empresarial,Agronegócio,Impostos,Impostos: Programas de incentivo ao algodão na Bahia,https://documentacao.senior.com.br/gestaoempresarialerp/5.10.4/manuais_processos/agronegocio/processos/impostos/algodao_bahia.htm
ERP Gestão Empresarial,Agronegócio,Impostos,Faturamento de notas de cana (mensal),https://documentacao.senior.com.br/gestaoempresarialerp/5.10.4/manuais_processos/agronegocio/processos/impostos/cana_de_acucar.htm
ERP Gestão Empresarial,Agronegócio,Impostos,Emissão de Contra Nota,https://documentacao.senior.com.br/gestaoempresarialerp/5.10.4/manuais_processos/agronegocio/processos/impostos/contra_nota.htm
ERP Gestão Empresarial,Agronegócio,Impostos,FAF (Fator de Ajuste de Fruição) - Rio Grande do Sul,https://documentacao.senior.com.br/gestaoempresarialerp/5.10.4/manuais_processos/agronegocio/processos/impostos/faf.htm
ERP Gestão Empresarial,Agronegócio,Impostos,Funrural,https://documentacao.senior.com.br/gestaoempresarialerp/5.10.4/manuais_processos/agronegocio/processos/impostos/funrural.htm
ERP Gestão Empresarial,Agronegócio,Impostos,Impostos Agro,https://documentacao.senior.com.br/gestaoempresarialerp/5.10.4/manuais_processos/agronegocio/processos/impostos/impostos_agro.htm
ERP Gestão Empresarial,Agronegócio,Impostos,Impostos específicos para o Estado do Mato Grosso,https://documentacao.senior.com.br/gestaoempresarialerp/5.10.4/manuais_processos/agronegocio/processos/impostos/impostos_mt.htm
ERP Gestão Empresarial,Agronegócio,Impostos,Senar,https://documentacao.senior.com.br/gestaoempresarialerp/5.10.4/manuais_processos/agronegocio/processos/impostos/senar.htm
ERP Gestão Empresarial,Agronegócio,Impostos,Taxa de Cooperação e Defesa da Orizicultura (CDO),https://documentacao.senior.com.br/gestaoempresarialerp/5.10.4/manuais_processos/agronegocio/processos/impostos/taxa_cdo.htm
ERP Gestão Empresarial,Agronegócio,Processos,LCDPR - Livro Caixa Digital do Produtor Rural,https://documentacao.senior.com.br/gestaoempresarialerp/5.10.4/manuais_processos/agronegocio/processos/lcdpr.htm
ERP Gestão Empresarial,Agronegócio,Lcdpr,Geração do LCDPR,https://documentacao.senior.com.br/gestaoempresarialerp/5.10.4/manuais_processos/agronegocio/processos/lcdpr/geracao-lcdpr.htm
ERP Gestão Empresarial,Agronegócio,Lcdpr,Leiautes e Identificadores de Regras,https://documentacao.senior.com.br/gestaoempresarialerp/5.10.4/manuais_processos/agronegocio/processos/lcdpr/lcdpr-leiautes-e-identificadores.htm
ERP Gestão Empresarial,Agronegócio,Lcdpr,Parametrizações do LCDPR,https://documentacao.senior.com.br/gestaoempresarialerp/5.10.4/manuais_processos/agronegocio/processos/lcdpr/lcdpr-parametrizacoes.htm
ERP Gestão Empresarial,Agronegócio,Lcdpr,LCDPR 2.0 - Processos específicos,https://documentacao.senior.com.br/gestaoempresarialerp/5.10.4/manuais_processos/agronegocio/processos/lcdpr/lcdpr-processos-especificos.htm
ERP Gestão Empresarial,Agronegócio,Contrato,Preço de acordo com a classificação do produto,https://documentacao.senior.com.br/gestaoempresarialerp/5.10.4/manuais_processos/agronegocio/processos/preco/contrato/preco_classificacao.htm
ERP Gestão Empresarial,Agronegócio,Contrato,Cotação da moeda no Contrato,https://documentacao.senior.com.br/gestaoempresarialerp/5.10.4/manuais_processos/agronegocio/processos/preco/contrato/preco_contrato_cotacao_01.htm
ERP Gestão Empresarial,Agronegócio,Contrato,Moeda do Contrato diferente da moeda da Empresa,https://documentacao.senior.com.br/gestaoempresarialerp/5.10.4/manuais_processos/agronegocio/processos/preco/contrato/preco_contrato_moeda_diferente.htm
ERP Gestão Empresarial,Agronegócio,Contrato,Moeda do Contrato igual a moeda da Empresa,https://documentacao.senior.com.br/gestaoempresarialerp/5.10.4/manuais_processos/agronegocio/processos/preco/contrato/preço_contrato_moeda_igual.htm
ERP Gestão Empresarial,Agronegócio,Cotacao,Por hora,https://documentacao.senior.com.br/gestaoempresarialerp/5.10.4/manuais_processos/agronegocio/processos/preco/cotacao/cotacao_moeda_hora.htm
ERP Gestão Empresarial,Agronegócio,Cotacao,Por índice,https://documentacao.senior.com.br/gestaoempresarialerp/5.10.4/manuais_processos/agronegocio/processos/preco/cotacao/cotacao_moeda_indice.htm
ERP Gestão Empresarial,Agronegócio,Preco,Preço de produtos,https://documentacao.senior.com.br/gestaoempresarialerp/5.10.4/manuais_processos/agronegocio/processos/preco/preco_inicio.htm
ERP Gestão Empresarial,Agronegócio,Preco,Preço das taxas,https://documentacao.senior.com.br/gestaoempresarialerp/5.10.4/manuais_processos/agronegocio/processos/preco/preco_taxas.htm
ERP Gestão Empresarial,Agronegócio,Sem_Contrato,Preço Mínimo,https://documentacao.senior.com.br/gestaoempresarialerp/5.10.4/manuais_processos/agronegocio/processos/preco/sem_contrato/preco_minimo.htm
ERP Gestão Empresarial,Agronegócio,Sem_Contrato,Cotação da moeda sem Contrato,https://documentacao.senior.com.br/gestaoempresarialerp/5.10.4/manuais_processos/agronegocio/processos/preco/sem_contrato/sem_contrato_01.htm
ERP Gestão Empresarial,Agronegócio,Processos,Quebra técnica,https://documentacao.senior.com.br/gestaoempresarialerp/5.10.4/manuais_processos/agronegocio/processos/quebra técnica.htm
ERP Gestão Empresarial,Agronegócio,Recebimento,Captura de imagem na balança,https://documentacao.senior.com.br/gestaoempresarialerp/5.10.4/manuais_processos/agronegocio/processos/recebimento/captura-imagem.htm
ERP Gestão Empresarial,Agronegócio,Recebimento,Fornecedores participantes,https://documentacao.senior.com.br/gestaoempresarialerp/5.10.4/manuais_processos/agronegocio/processos/recebimento/fornecedores-participantes.htm
ERP Gestão Empresarial,Agronegócio,Recebimento,Ajustes no estoque ao receber produtos,https://documentacao.senior.com.br/gestaoempresarialerp/5.10.4/manuais_processos/agronegocio/processos/recebimento/origem-porto.htm
ERP Gestão Empresarial,Agronegócio,Recebimento,Pré-requisitos,https://documentacao.senior.com.br/gestaoempresarialerp/5.10.4/manuais_processos/agronegocio/processos/recebimento/pre-requisito.htm
ERP Gestão Empresarial,Agronegócio,Recebimento,Recebimento de produtos,https://documentacao.senior.com.br/gestaoempresarialerp/5.10.4/manuais_processos/agronegocio/processos/recebimento/recebimento_inicio.htm
ERP Gestão Empresarial,Agronegócio,Recebimento,Passo a passo,https://documentacao.senior.com.br/gestaoempresarialerp/5.10.4/manuais_processos/agronegocio/processos/recebimento/recebimento_passos2.htm
ERP Gestão Empresarial,Agronegócio,Recebimento,Valorização de produto a fixar,https://documentacao.senior.com.br/gestaoempresarialerp/5.10.4/manuais_processos/agronegocio/processos/recebimento/valorizacao_produto_a_fixar.htm
ERP Gestão Empresarial,Agronegócio,Processos,Retenção,https://documentacao.senior.com.br/gestaoempresarialerp/5.10.4/manuais_processos/agronegocio/processos/retenção.htm
ERP Gestão Empresarial,Agronegócio,Processos,Royalties,https://documentacao.senior.com.br/gestaoempresarialerp/5.10.4/manuais_processos/agronegocio/processos/royalties.htm
ERP Gestão Empresarial,Agronegócio,Saida,Documentos gerados,https://documentacao.senior.com.br/gestaoempresarialerp/5.10.4/manuais_processos/agronegocio/processos/saida/notas_fiscais.htm
ERP Gestão Empresarial,Agronegócio,Saida,Passo a passo,https://documentacao.senior.com.br/gestaoempresarialerp/5.10.4/manuais_processos/agronegocio/processos/saida/passos.htm
ERP Gestão Empresarial,Agronegócio,Saida,Saída de produtos,https://documentacao.senior.com.br/gestaoempresarialerp/5.10.4/manuais_processos/agronegocio/processos/saida/saida.htm
ERP Gestão Empresarial,Agronegócio,Taxas,Cobrança de taxas,https://documentacao.senior.com.br/gestaoempresarialerp/5.10.4/manuais_processos/agronegocio/processos/taxas/taxas.htm
ERP Gestão Empresarial,Agronegócio,Taxas,Alteração de taxas,https://documentacao.senior.com.br/gestaoempresarialerp/5.10.4/manuais_processos/agronegocio/processos/taxas/taxas_estorno.htm
ERP Gestão Empresarial,Agronegócio,Taxas,Cobrança financeira,https://documentacao.senior.com.br/gestaoempresarialerp/5.10.4/manuais_processos/agronegocio/processos/taxas/taxas_financeiro.htm
ERP Gestão Empresarial,Agronegócio,Taxas,Cobrança em produto,https://documentacao.senior.com.br/gestaoempresarialerp/5.10.4/manuais_processos/agronegocio/processos/taxas/taxas_produto.htm
ERP Gestão Empresarial,Agronegócio,Taxas,Notas fiscais,https://documentacao.senior.com.br/gestaoempresarialerp/5.10.4/manuais_processos/agronegocio/processos/taxas/taxas_produto_notasfiscais.htm
ERP Gestão Empresarial,Agronegócio,Ticket,Cancelamento de tickets,https://documentacao.senior.com.br/gestaoempresarialerp/5.10.4/manuais_processos/agronegocio/processos/ticket/ticket_cancelamento.htm
ERP Gestão Empresarial,Agronegócio,Ticket,Ticket,https://documentacao.senior.com.br/gestaoempresarialerp/5.10.4/manuais_processos/agronegocio/processos/ticket/ticket_inicio.htm
ERP Gestão Empresarial,Agronegócio,Transferencia,Documentos fiscais,https://documentacao.senior.com.br/gestaoempresarialerp/5.10.4/manuais_processos/agronegocio/processos/transferencia/notas_fiscais.htm
ERP Gestão Empresarial,Agronegócio,Transferencia,Passo a passo,https://documentacao.senior.com.br/gestaoempresarialerp/5.10.4/manuais_processos/agronegocio/processos/transferencia/passos_trans.htm
ERP Gestão Empresarial,Agronegócio,Transferencia,Transferência entre produtores,https://documentacao.senior.com.br/gestaoempresarialerp/5.10.4/manuais_processos/agronegocio/processos/transferencia/transferencia_produtor.htm
ERP Gestão Empresarial,Agronegócio,Agronegocio,Sistema de Defesa Vegetal - SISDEV,https://documentacao.senior.com.br/gestaoempresarialerp/5.10.4/manuais_processos/agronegocio/sistema-defesa-vegetal-sisdev.htm
ERP Gestão Empresarial,Agronegócio,Receituario_Agronomico,Receituário Agronômico,https://documentacao.senior.com.br/gestaoempresarialerp/5.10.4/manuais_processos/receituario_agronomico/inicio.htm
ERP Gestão Empresarial,Agronegócio,Integrador,Integrador,https://documentacao.senior.com.br/gestaoempresarialerp/5.10.4/manuais_processos/receituario_agronomico/integrador/integrador_ra.htm
ERP Gestão Empresarial,Agronegócio,Receituario_Agronomico,Parametrizações,https://documentacao.senior.com.br/gestaoempresarialerp/5.10.4/manuais_processos/receituario_agronomico/parametrizacoes.htm
ERP Gestão Empresarial,Agronegócio,Processos,Aplicação do agrotóxico,https://documentacao.senior.com.br/gestaoempresarialerp/5.10.4/manuais_processos/receituario_agronomico/processos/aplicacao_agrotoxico.htm
ERP Gestão Empresarial,Agronegócio,Processos,Ficha de emergência,https://documentacao.senior.com.br/gestaoempresarialerp/5.10.4/manuais_processos/receituario_agronomico/processos/ficha_emergencia.htm
ERP Gestão Empresarial,Agronegócio,Processos,Geração da Bula,https://documentacao.senior.com.br/gestaoempresarialerp/5.10.4/manuais_processos/receituario_agronomico/processos/geracao_bula.htm
ERP Gestão Empresarial,Agronegócio,Receita_Agronomica,Assinatura Eletrônica,https://documentacao.senior.com.br/gestaoempresarialerp/5.10.4/manuais_processos/receituario_agronomico/processos/receita_agronomica/assinatura_eletronica.htm
ERP Gestão Empresarial,Agronegócio,Receita_Agronomica,Cancelamento,https://documentacao.senior.com.br/gestaoempresarialerp/5.10.4/manuais_processos/receituario_agronomico/processos/receita_agronomica/cancelamento_receita.htm
ERP Gestão Empresarial,Agronegócio,Receita_Agronomica,Envio de receituário via eDocs - Agrodefesa,https://documentacao.senior.com.br/gestaoempresarialerp/5.10.4/manuais_processos/receituario_agronomico/processos/receita_agronomica/envio-agrodefesa.htm
ERP Gestão Empresarial,Agronegócio,Receita_Agronomica,Envio de receituário via eDocs - IDAF (ES),https://documentacao.senior.com.br/gestaoempresarialerp/5.10.4/manuais_processos/receituario_agronomico/processos/receita_agronomica/envio-idaf.htm
ERP Gestão Empresarial,Agronegócio,Receita_Agronomica,Envio de receituário via eDocs - INDEA (MT),https://documentacao.senior.com.br/gestaoempresarialerp/5.10.4/manuais_processos/receituario_agronomico/processos/receita_agronomica/envio-sisdev-indea-mt.htm
ERP Gestão Empresarial,Agronegócio,Receita_Agronomica,Geração e emissão,https://documentacao.senior.com.br/gestaoempresarialerp/5.10.4/manuais_processos/receituario_agronomico/processos/receita_agronomica/geracao_receita.htm
ERP Gestão Empresarial,Agronegócio,Receita_Agronomica,Itens da Receita no Pedido,https://documentacao.senior.com.br/gestaoempresarialerp/5.10.4/manuais_processos/receituario_agronomico/processos/receita_agronomica/itens_receita_pedido.htm
ERP Gestão Empresarial,Agronegócio,Receita_Agronomica,Receita agronômica,https://documentacao.senior.com.br/gestaoempresarialerp/5.10.4/manuais_processos/receituario_agronomico/processos/receita_agronomica/receita_agronomica.htm
ERP Gestão Empresarial,Agronegócio,Processos,Responsável técnico,https://documentacao.senior.com.br/gestaoempresarialerp/5.10.4/manuais_processos/receituario_agronomico/processos/responsavel_tecnico.htm
ERP Gestão Empresarial,Agronegócio,Agronegocio,Compra por Produto Equivalente,https://documentacao.senior.com.br/gestaoempresarialerp/5.10.4/manual-processos/agronegocio/compra-por-produto-equivalente.htm
ERP Gestão Empresarial,Agronegócio,Compra Por Produto Equivalente,Recebimento de Nota Fiscal de Entrada,https://documentacao.senior.com.br/gestaoempresarialerp/5.10.4/manual-processos/agronegocio/compra-por-produto-equivalente/recebimento-nota-fiscal-entrada.htm
ERP Gestão Empresarial,Agronegócio,Agronegocio,Integração com Gestão de Pátio,https://documentacao.senior.com.br/gestaoempresarialerp/5.10.4/manual-processos/agronegocio/integracao-gestao-de-patio.htm
ERP Gestão Empresarial,Agronegócio,Integracao Gestao De Patio,Arquitetura,https://documentacao.senior.com.br/gestaoempresarialerp/5.10.4/manual-processos/agronegocio/integracao-gestao-de-patio/arquitetura.htm
ERP Gestão Empresarial,Agronegócio,Integracao Gestao De Patio,Configurações no ERP para integração com o Gestão de Pátio,https://documentacao.senior.com.br/gestaoempresarialerp/5.10.4/manual-processos/agronegocio/integracao-gestao-de-patio/configuracoes-erp-para-integracao-com-o-gestao-patio.htm
ERP Gestão Empresarial,Agronegócio,Integracao Gestao De Patio,Conheça o Gestão de Pátio na senior X Platform,https://documentacao.senior.com.br/gestaoempresarialerp/5.10.4/manual-processos/agronegocio/integracao-gestao-de-patio/conheca-o-gestao-de-patio.htm
ERP Gestão Empresarial,Agronegócio,Integracao Gestao De Patio,Controlar agenda de cargas e descargas,https://documentacao.senior.com.br/gestaoempresarialerp/5.10.4/manual-processos/agronegocio/integracao-gestao-de-patio/controlar-agenda-de-cargas-descargas.htm
ERP Gestão Empresarial,Agronegócio,Integracao Gestao De Patio,Controlar chegada,https://documentacao.senior.com.br/gestaoempresarialerp/5.10.4/manual-processos/agronegocio/integracao-gestao-de-patio/controlar-chegada.htm
ERP Gestão Empresarial,Agronegócio,Integracao Gestao De Patio,Controlar circuito,https://documentacao.senior.com.br/gestaoempresarialerp/5.10.4/manual-processos/agronegocio/integracao-gestao-de-patio/controlar-circuito.htm
ERP Gestão Empresarial,Agronegócio,Integracao Gestao De Patio,Pré-requisitos,https://documentacao.senior.com.br/gestaoempresarialerp/5.10.4/manual-processos/agronegocio/integracao-gestao-de-patio/pre-requisitos.htm
ERP Gestão Empresarial,Agronegócio,Integracao Gestao De Patio,Processos,https://documentacao.senior.com.br/gestaoempresarialerp/5.10.4/manual-processos/agronegocio/integracao-gestao-de-patio/processos.htm
ERP Gestão Empresarial,Agronegócio,Agroverus,Aplicativo AgroVerus | Política de Privacidade,https://documentacao.senior.com.br/gestaoempresarialerp/5.10.4/mobilidade/agroverus/politica-privacidade-app.htm
ERP Gestão Empresarial,Agronegócio,Processos Automaticos,147 - Geração Receita Agronômica - Recursos da tela F113REM,https://documentacao.senior.com.br/gestaoempresarialerp/5.10.4/processos-automaticos/147-geracao-receita-agronomica-recursos-tela.htm
ERP Gestão Empresarial,Agronegócio,Processos Automaticos,151 - Integração ERP x Agronegócio Senior - Envio,https://documentacao.senior.com.br/gestaoempresarialerp/5.10.4/processos-automaticos/151-integracao-erp-agronegocio.htm
ERP Gestão Empresarial,Agronegócio,Processos Automaticos,152 - Integração ERP x Agronegócio Senior - Confirmação,https://documentacao.senior.com.br/gestaoempresarialerp/5.10.4/processos-automaticos/152-confirmacao-agronegocio-senior.htm
ERP Gestão Empresarial,Agronegócio,Processos Automaticos,156 - Integração ERP X Agronegócio Senior - Exclusão de Logs,https://documentacao.senior.com.br/gestaoempresarialerp/5.10.4/processos-automaticos/156-integração-erp-agronegocio-exclusao-logs.htm
ERP Gestão Empresarial,Agronegócio,Processos Automaticos,188 - Pré-configuração Receituário Agronômico,https://documentacao.senior.com.br/gestaoempresarialerp/5.10.4/processos-automaticos/188-pre-configuracao-receituario-agronomico.htm
ERP Gestão Empresarial,Agronegócio,Webservices,Com.senior.g5.co.int.agr.receituarioagronomico,https://documentacao.senior.com.br/gestaoempresarialerp/5.10.4/webservices/com_senior_g5_co_int_agr_receituarioagronomico.htm
Senior X Platform,Gestão Agro,Agro Analytics,Agro Analytics,https://documentacao.senior.com.br/seniorxplatform/manual-do-usuario/gestao-agro/agro-analytics/agro-analytics.htm
Senior X Platform,Gestão Agro,Agro Analytics,APIs de Integração do Gestão Safra,https://documentacao.senior.com.br/seniorxplatform/manual-do-usuario/gestao-agro/agro-analytics/gestao-safra/apis.htm
Senior X Platform,Gestão Agro,Agro Analytics,Configuração de Regras de Consolidação,https://documentacao.senior.com.br/seniorxplatform/manual-do-usuario/gestao-agro/agro-analytics/gestao-safra/funcionalidades/configuracao-de-regras-de-consolidacao.htm
Senior X Platform,Gestão Agro,Agro Analytics,Conversão de Unidades de Medida,https://documentacao.senior.com.br/seniorxplatform/manual-do-usuario/gestao-agro/agro-analytics/gestao-safra/funcionalidades/conversao-de-unidades-de-medida.htm
Senior X Platform,Gestão Agro,Agro Analytics,Culturas,https://documentacao.senior.com.br/seniorxplatform/manual-do-usuario/gestao-agro/agro-analytics/gestao-safra/funcionalidades/culturas.htm
Senior X Platform,Gestão Agro,Agro Analytics,Dados Consolidados,https://documentacao.senior.com.br/seniorxplatform/manual-do-usuario/gestao-agro/agro-analytics/gestao-safra/funcionalidades/dados-consolidados.htm
Senior X Platform,Gestão Agro,Agro Analytics,Log de integração ERP,https://documentacao.senior.com.br/seniorxplatform/manual-do-usuario/gestao-agro/agro-analytics/gestao-safra/funcionalidades/log-de-integracao-erp.htm
Senior X Platform,Gestão Agro,Agro Analytics,Regras de Consolidação,https://documentacao.senior.com.br/seniorxplatform/manual-do-usuario/gestao-agro/agro-analytics/gestao-safra/funcionalidades/regras-de-consolidacao.htm
Senior X Platform,Gestão Agro,Agro Analytics,Safras,https://documentacao.senior.com.br/seniorxplatform/manual-do-usuario/gestao-agro/agro-analytics/gestao-safra/funcionalidades/safras.htm
Senior X Platform,Gestão Agro,Agro Analytics,Gestão Safra,https://documentacao.senior.com.br/seniorxplatform/manual-do-usuario/gestao-agro/agro-analytics/gestao-safra/gestao-safra.htm
Senior X Platform,Gestão Agro,Agro Analytics,Integração do Gestão Safra com o Gestão Empresarial | ERP,https://documentacao.senior.com.br/seniorxplatform/manual-do-usuario/gestao-agro/agro-analytics/gestao-safra/integracao.htm
Senior X Platform,Gestão Agro,Agro Analytics,Perguntas Frequentes relacionadas ao Gestão Safra,https://documentacao.senior.com.br/seniorxplatform/manual-do-usuario/gestao-agro/agro-analytics/gestao-safra/perguntas-frequentes.htm
Senior X Platform,Gestão Agro,Agro Analytics,Permissões,https://documentacao.senior.com.br/seniorxplatform/manual-do-usuario/gestao-agro/agro-analytics/gestao-safra/permissoes-gestao-safra.htm
Senior X Platform,Gestão Agro,Agro Analytics,Pré-requisitos de configuração do Gestão Safra,https://documentacao.senior.com.br/seniorxplatform/manual-do-usuario/gestao-agro/agro-analytics/gestao-safra/pre-requisitos.htm
Senior X Platform,Gestão Agro,AgroVerus,Senior X -Tickets,https://documentacao.senior.com.br/seniorxplatform/manual-do-usuario/gestao-agro/agroverus/agroverus-senior-x.htm
Senior X Platform,Gestão Agro,AgroVerus,App AgroVerus,https://documentacao.senior.com.br/seniorxplatform/manual-do-usuario/gestao-agro/agroverus/agroverus.htm
Senior X Platform,Gestão Agro,AgroVerus,APIs de integração do aplicativo AgroVerus,https://documentacao.senior.com.br/seniorxplatform/manual-do-usuario/gestao-agro/agroverus/apis.htm
Senior X Platform,Gestão Agro,AgroVerus,Jornada de Classificação,https://documentacao.senior.com.br/seniorxplatform/manual-do-usuario/gestao-agro/agroverus/classificacao.htm
Senior X Platform,Gestão Agro,AgroVerus,Cadastro de Configuração de PH,https://documentacao.senior.com.br/seniorxplatform/manual-do-usuario/gestao-agro/agroverus/configuracao-ph.htm
Senior X Platform,Gestão Agro,AgroVerus,Configurações do aplicativo AgroVerus,https://documentacao.senior.com.br/seniorxplatform/manual-do-usuario/gestao-agro/agroverus/configuracoes.htm
Senior X Platform,Gestão Agro,AgroVerus,Acesso e Página Inicial,https://documentacao.senior.com.br/seniorxplatform/manual-do-usuario/gestao-agro/agroverus/login.htm
Senior X Platform,Gestão Agro,AgroVerus,Perguntas Frequentes (FAQ) relacionadas ao AgroVerus,https://documentacao.senior.com.br/seniorxplatform/manual-do-usuario/gestao-agro/agroverus/perguntas-frequntes-agroverus.htm
Senior X Platform,Gestão Agro,AgroVerus,Permissões,https://documentacao.senior.com.br/seniorxplatform/manual-do-usuario/gestao-agro/agroverus/permissoes.htm
Senior X Platform,Gestão Agro,Home.Htm,Gestão Agro — Manual do Usuário,https://documentacao.senior.com.br/seniorxplatform/manual-do-usuario/gestao-agro/home.htm
Senior X Platform,Gestão Agro,Hub de Royalties,APIs de Integração do Hub de Royalties,https://documentacao.senior.com.br/seniorxplatform/manual-do-usuario/gestao-agro/hub-royalties/apis.htm
Senior X Platform,Gestão Agro,Hub de Royalties,Configurações,https://documentacao.senior.com.br/seniorxplatform/manual-do-usuario/gestao-agro/hub-royalties/configuracoes.htm
Senior X Platform,Gestão Agro,Hub de Royalties,Consulta de Saldo,https://documentacao.senior.com.br/seniorxplatform/manual-do-usuario/gestao-agro/hub-royalties/consulta-de-saldo.htm
Senior X Platform,Gestão Agro,Hub de Royalties,Perguntas Frequentes (FAQ) relacionadas ao Hub de Royalties,https://documentacao.senior.com.br/seniorxplatform/manual-do-usuario/gestao-agro/hub-royalties/faq.htm
Senior X Platform,Gestão Agro,Hub de Royalties,Integração e Configurações Iniciais,https://documentacao.senior.com.br/seniorxplatform/manual-do-usuario/gestao-agro/hub-royalties/integracao-configuracao.htm
Senior X Platform,Gestão Agro,Hub de Royalties,Logs de Integração,https://documentacao.senior.com.br/seniorxplatform/manual-do-usuario/gestao-agro/hub-royalties/logs-de-integracao.htm
Senior X Platform,Gestão Agro,Hub de Royalties,Permissões,https://documentacao.senior.com.br/seniorxplatform/manual-do-usuario/gestao-agro/hub-royalties/permissoes.htm
Senior X Platform,Gestão Agro,Hub de Royalties,Registro de Entregas,https://documentacao.senior.com.br/seniorxplatform/manual-do-usuario/gestao-agro/hub-royalties/registro-de-entregas.htm
Senior X Platform,Gestão Agro,Hub de Royalties,Hub de Royalties,https://documentacao.senior.com.br/seniorxplatform/manual-do-usuario/gestao-agro/hub-royalties/royalties-home.htm
Senior X Platform,Gestão Agro,Produtor Rural,App do Produtor Rural,https://documentacao.senior.com.br/seniorxplatform/manual-do-usuario/gestao-agro/produtor-rural/aplicativo.htm
Senior X Platform,Gestão Agro,Produtor Rural,Configurações,https://documentacao.senior.com.br/seniorxplatform/manual-do-usuario/gestao-agro/produtor-rural/aplicativo/configuracoes.htm
Senior X Platform,Gestão Agro,Produtor Rural,Contratos,https://documentacao.senior.com.br/seniorxplatform/manual-do-usuario/gestao-agro/produtor-rural/aplicativo/contratos.htm
Senior X Platform,Gestão Agro,Produtor Rural,Financeiro,https://documentacao.senior.com.br/seniorxplatform/manual-do-usuario/gestao-agro/produtor-rural/aplicativo/financeiro.htm
Senior X Platform,Gestão Agro,Produtor Rural,Físico,https://documentacao.senior.com.br/seniorxplatform/manual-do-usuario/gestao-agro/produtor-rural/aplicativo/fisico.htm
Senior X Platform,Gestão Agro,Produtor Rural,Home,https://documentacao.senior.com.br/seniorxplatform/manual-do-usuario/gestao-agro/produtor-rural/aplicativo/home.htm
Senior X Platform,Gestão Agro,Produtor Rural,Informe de rendimentos,https://documentacao.senior.com.br/seniorxplatform/manual-do-usuario/gestao-agro/produtor-rural/aplicativo/informe-de-rendimentos.htm
Senior X Platform,Gestão Agro,Produtor Rural,Nota Fiscal,https://documentacao.senior.com.br/seniorxplatform/manual-do-usuario/gestao-agro/produtor-rural/aplicativo/nota-fiscal.htm
Senior X Platform,Gestão Agro,Produtor Rural,Notificações,https://documentacao.senior.com.br/seniorxplatform/manual-do-usuario/gestao-agro/produtor-rural/aplicativo/notificacoes.htm
Senior X Platform,Gestão Agro,Produtor Rural,Ofertas,https://documentacao.senior.com.br/seniorxplatform/manual-do-usuario/gestao-agro/produtor-rural/aplicativo/ofertas.htm
Senior X Platform,Gestão Agro,Produtor Rural,Romaneios,https://documentacao.senior.com.br/seniorxplatform/manual-do-usuario/gestao-agro/produtor-rural/aplicativo/romaneios.htm
Senior X Platform,Gestão Agro,Produtor Rural,Tour,https://documentacao.senior.com.br/seniorxplatform/manual-do-usuario/gestao-agro/produtor-rural/aplicativo/tour.htm
Senior X Platform,Gestão Agro,Produtor Rural,Parametrizações,https://documentacao.senior.com.br/seniorxplatform/manual-do-usuario/gestao-agro/produtor-rural/parametrizacoes.htm
Senior X Platform,Gestão Agro,Produtor Rural,Permissões,https://documentacao.senior.com.br/seniorxplatform/manual-do-usuario/gestao-agro/produtor-rural/permissoes.htm
Senior X Platform,Gestão Agro,Produtor Rural,Política de privacidade,https://documentacao.senior.com.br/seniorxplatform/manual-do-usuario/gestao-agro/produtor-rural/politica-de-privacidade.htm
Senior X Platform,Gestão Agro,Produtor Rural,Portal do Gestor (Produtor Rural),https://documentacao.senior.com.br/seniorxplatform/manual-do-usuario/gestao-agro/produtor-rural/portal.htm
Senior X Platform,Gestão Agro,Produtor Rural,Gestão de mensagens \u003e Categorias,https://documentacao.senior.com.br/seniorxplatform/manual-do-usuario/gestao-agro/produtor-rural/portal/categorias-de-mensagens.htm
Senior X Platform,Gestão Agro,Produtor Rural,Gestão de conversões \u003e Configuração das culturas,https://documentacao.senior.com.br/seniorxplatform/manual-do-usuario/gestao-agro/produtor-rural/portal/configuracao-de-conversao-das-culturas.htm
Senior X Platform,Gestão Agro,Produtor Rural,Gestão de contratos \u003e Contratos,https://documentacao.senior.com.br/seniorxplatform/manual-do-usuario/gestao-agro/produtor-rural/portal/contratos.htm
Senior X Platform,Gestão Agro,Produtor Rural,Gestão de conversões \u003e Conversões,https://documentacao.senior.com.br/seniorxplatform/manual-do-usuario/gestao-agro/produtor-rural/portal/conversao.htm
Senior X Platform,Gestão Agro,Produtor Rural,Grupos,https://documentacao.senior.com.br/seniorxplatform/manual-do-usuario/gestao-agro/produtor-rural/portal/grupos.htm
Senior X Platform,Gestão Agro,Produtor Rural,Logs de integração ERP,https://documentacao.senior.com.br/seniorxplatform/manual-do-usuario/gestao-agro/produtor-rural/portal/log-de-integracao-erp.htm
Senior X Platform,Gestão Agro,Produtor Rural,Gestão de mensagens \u003e Mensagens,https://documentacao.senior.com.br/seniorxplatform/manual-do-usuario/gestao-agro/produtor-rural/portal/mensagens.htm
Senior X Platform,Gestão Agro,Produtor Rural,Gestão de conversões \u003e Configuração das moedas,https://documentacao.senior.com.br/seniorxplatform/manual-do-usuario/gestao-agro/produtor-rural/portal/moedas.htm
Senior X Platform,Gestão Agro,Produtor Rural,Gestão de contratos \u003e Ofertas,https://documentacao.senior.com.br/seniorxplatform/manual-do-usuario/gestao-agro/produtor-rural/portal/ofertas.htm
Senior X Platform,Gestão Agro,Produtor Rural,Identidade visual,https://documentacao.senior.com.br/seniorxplatform/manual-do-usuario/gestao-agro/produtor-rural/portal/personalizacao.htm
Senior X Platform,Gestão Agro,Produtor Rural,Requisição externa,https://documentacao.senior.com.br/seniorxplatform/manual-do-usuario/gestao-agro/produtor-rural/portal/requisicao-externa.htm
Senior X Platform,Gestão Agro,Produtor Rural,Romaneios,https://documentacao.senior.com.br/seniorxplatform/manual-do-usuario/gestao-agro/produtor-rural/portal/romaneios.htm
Senior X Platform,Gestão Agro,Produtor Rural,Gestão de mensagens \u003e Templates,https://documentacao.senior.com.br/seniorxplatform/manual-do-usuario/gestao-agro/produtor-rural/portal/templates.htm
Senior X Platform,Gestão Agro,Produtor Rural,Gestão de contratos \u003e Tipos de contrato,https://documentacao.senior.com.br/seniorxplatform/manual-do-usuario/gestao-agro/produtor-rural/portal/tipo-de-contrato.htm
Senior X Platform,Gestão Agro,Produtor Rural,Usuários,https://documentacao.senior.com.br/seniorxplatform/manual-do-usuario/gestao-agro/produtor-rural/portal/usuarios-produtores.htm
Senior X Platform,Gestão Agro,Produtor Rural,App do Produtor Rural,https://documentacao.senior.com.br/seniorxplatform/manual-do-usuario/gestao-agro/produtor-rural/produtor-rural.htm
Senior X Platform,Senior Flow,Manual do Usuário,LGPD,https://documentacao.senior.com.br/senior-flow/manual-do-usuario/lgpd.htm
Senior X Platform,Senior Flow,Manual do Usuário,Mapa de Integrações - Senior Flow,https://documentacao.senior.com.br/senior-flow/manual-do-usuario/mapa-de-integracoes.htm
Senior X Platform,Senior Flow,Manual do Usuário,Senior Flow,https://documentacao.senior.com.br/senior-flow/manual-do-usuario/conceito-senior-flow.htm
Senior X Platform,Senior Flow,Manual do Usuário,Senior Flow - Manual do Usuário,https://documentacao.senior.com.br/senior-flow/manual-do-usuario/home.htm
Senior X Platform,Senior Flow,Manual do Usuário,Trial,https://documentacao.senior.com.br/senior-flow/manual-do-usuario/free-trial.htm
ERP Mega,Agronegócio,Agronegócio,Agronegócio - ERP Mega,https://documentacao.senior.com.br/erp-mega/manual-do-usuario/agronegocio/agronegocio.htm
SimpleFarm,SimpleFarm,Manual do Usuário,SimpleFarm - Manual do Usuário,https://documentacao.senior.com.br/simplefarm/manual-do-usuario/
